,rider_provider,GrossProfit,GrossMargin,WorkingCapitalRatio,EarningPerShare,DebtToEquityRatio,PEratio,ReturnOfEquity,EBIDTAratio,EvRatio,EVbyEbidta,ChurnRate,GrowthRate,ProfitMargin,RuleOf40,MarketCap,MagicNumber,wce_label,eps_label,de_label,pe_label,roe_label,growth_rate_label,profitm_label,grossm_label,ro40_label,churnrate_label,EVbyEbidta_label,marketCap_label,magicNum_label
1,1108524_2021,15814000000.0,0.7441182006399397,1.2347134476534296,4.430903155603917,0.427252789627166,,9.813703516255753,5893000000.0,,,0.0,,0.0,,,,0,1,0,0,0,0,0,1,0,1,0,0,0
1,1108524_2020,12863000000.0,0.752310211720669,1.0753115527113506,0.14109742441209405,0.438099454035709,,0.37184594953519257,4532000000.0,,,0.0,,0.0,,,,0,0,0,0,0,0,0,1,0,1,0,0,0
1,1585521_2021,1829379000.0,0.6899755145268405,3.8039637577521934,3.1163551939991785,0.32635121466796624,,17.41405269989098,1481837000.0,,,0.0,,0.0,,,,0,1,0,0,0,0,0,1,0,1,0,0,0
1,1585521_2020,507262000.0,0.8146719386886542,3.2816763023095588,0.16290414527606917,0.40030313822407526,,3.034380047557207,128092000.0,,,0.0,,0.0,,,,0,0,0,0,0,0,0,1,0,1,0,0,0
1,796343_2021,,,,,,,,,,,,,,,,,0,0,0,0,0,0,0,0,0,0,0,0,0
1,796343_2020,,,,,,,,,,,,,,,,,0,0,0,0,0,0,0,0,0,0,0,0,0
